23.94,23.357,22.456,20.866,19.064,18.11,16.997,16.732,16.626,16.308,16.679,16.467,16.891,18.216,23.039,25.212,25.795,25.742,25.848,27.438,27.968,28.127,26.855,26.219,25.954,25.954,25.689,24.682,24.364,24.841,24.099,23.781,23.675,23.516,23.781,24.258,23.993,23.834,24.046,23.887,23.993,23.675,23.569,23.357,23.357,23.516,23.41,23.304,23.304,23.516,23.463,23.357,23.463,23.569,23.569,23.887,23.834,24.258,24.735
22.827,21.661,19.647,18.163,17.792,17.209,16.679,16.679,16.626,16.361,16.467,16.414,16.626,17.05,20.336,24.735,25.795,26.484,27.544,28.339,28.339,27.12,26.484,26.537,26.06,25.53,24.735,25.106,24.47,24.364,24.735,25.53,25.954,26.166,26.007,26.113,26.007,25.583,25.053,24.523,23.993,24.099,23.728,23.728,23.728,23.993,23.728,23.834,23.622,23.887,23.834,23.728,24.046,23.834,23.728,23.675,23.675,24.258,24.47
19.647,18.534,17.58,16.785,16.626,16.573,16.361,16.255,16.202,16.096,16.096,15.884,16.043,16.414,18.269,23.622,25.848,27.491,28.074,27.385,26.378,26.113,26.007,25.954,25.424,24.947,24.629,24.576,25.318,25.795,26.484,27.12,27.385,27.544,27.862,27.756,26.961,26.113,24.735,24.099,23.94,24.311,24.417,24.152,24.576,24.841,25,25.371,25.265,24.894,24.629,24.947,24.788,24.046,23.516,23.622,23.622,23.622,23.781
18.004,17.315,17.05,16.785,16.52,16.467,16.255,16.255,15.884,15.99,16.043,15.884,16.096,16.361,17.58,23.41,26.378,27.491,27.173,26.431,26.219,26.06,25.901,25.742,25.265,25.212,25.371,25.318,25.901,26.696,27.067,27.067,26.961,28.021,28.127,26.484,25.371,24.682,24.099,23.94,24.523,25.318,24.788,24.788,25.742,26.431,26.749,26.908,26.378,26.113,26.961,27.385,26.537,24.629,24.099,24.364,24.311,24.576,23.993
16.52,16.308,16.255,16.308,16.255,16.096,16.202,16.149,15.937,15.99,16.043,15.831,15.884,15.937,16.838,21.555,25.636,26.325,26.378,26.219,25.954,25.901,25.689,25.53,25.53,25.265,25.106,25.583,25.901,26.06,25.742,25.636,26.378,27.332,26.696,24.417,24.152,24.205,24.417,24.205,25.106,25.742,25.106,25.371,26.431,26.855,26.378,25.954,26.272,27.12,28.074,28.339,27.173,24.841,24.364,24.576,24.788,24.735,23.834
16.255,15.831,15.884,15.831,15.778,15.725,15.884,15.672,15.725,15.725,15.513,15.619,15.672,15.672,16.202,19.064,24.046,25.636,25.954,25.742,25.689,25.53,25.424,25.371,25,24.735,24.841,25.212,26.06,25.742,25.477,25.265,27.226,26.855,25.053,23.993,23.94,24.841,24.364,24.311,25.212,25.689,25.106,25.318,25.583,25.795,25.636,25.954,26.643,27.756,27.968,28.445,27.756,25.371,24.735,24.099,24.258,24.47,23.887
15.566,15.513,15.46,15.248,15.46,15.513,15.619,15.672,15.725,15.566,15.407,15.407,15.513,15.672,15.884,16.891,22.615,25.212,25.689,25.742,25.212,25.371,24.894,25.212,25.106,25.212,25.318,26.643,27.385,26.166,25.159,25.795,26.007,24.894,24.523,23.675,23.94,24.576,24.152,23.834,24.841,25.371,24.576,25.265,25.636,25.583,25.742,26.484,26.961,27.438,27.703,28.074,27.226,25.954,24.152,23.993,24.152,24.311,23.728
15.301,15.354,15.354,15.301,15.46,15.46,15.566,15.619,15.725,15.566,15.566,15.619,15.46,15.301,15.354,15.99,20.23,24.841,25.477,25.53,25.477,24.947,25.689,25.265,26.431,25.795,26.643,27.173,26.908,26.113,25.583,25.742,25.106,24.205,24.258,23.569,23.834,24.523,24.099,23.781,24.788,25.053,24.629,24.576,24.576,25.053,25.848,26.219,26.325,26.908,27.544,27.491,27.067,25.742,24.258,23.675,24.311,24.205,23.781
15.301,15.46,15.407,15.513,15.407,15.513,15.725,15.937,15.831,15.725,15.725,15.884,15.619,15.46,15.301,15.566,17.686,23.357,25.424,25.265,25.106,24.788,25.954,25.848,27.332,26.219,26.802,27.014,26.325,26.166,25.53,25.159,24.788,23.622,23.728,23.728,23.781,24.311,24.311,23.675,24.47,24.788,24.258,23.675,24.205,25.424,25.848,25.795,25.318,26.431,26.484,26.537,26.166,25.371,23.781,24.099,24.47,24.364,23.145
15.089,15.195,15.248,15.301,15.248,15.566,15.672,15.672,15.778,15.778,15.831,15.884,15.619,15.301,15.195,15.301,16.467,20.707,24.258,24.523,24.894,26.06,25.318,26.537,27.067,26.166,26.431,26.272,25.901,25.424,25.848,25,24.417,23.463,23.304,23.41,23.834,24.099,24.47,24.47,24.205,24.629,23.94,23.516,23.993,25.212,25.742,24.788,24.788,25.583,25.318,24.947,25.159,24.47,23.834,24.205,24.364,23.569,23.357
15.354,15.46,15.407,15.354,15.407,15.566,15.831,15.725,15.778,15.884,15.831,15.778,15.884,15.46,15.354,15.354,15.513,17.368,22.88,24.47,24.947,25.636,25.159,26.696,26.961,25.689,25.848,25.477,24.894,24.841,24.947,25.583,24.046,23.41,23.357,23.357,23.198,23.622,24.046,24.788,24.364,24.258,23.993,23.463,23.94,24.841,25.371,24.47,24.417,24.947,24.682,24.841,24.47,23.834,23.675,24.205,23.887,23.198,22.933
15.513,15.46,15.46,15.46,15.513,15.619,15.725,15.937,15.884,15.99,16.096,16.043,15.831,15.619,15.46,15.46,15.354,16.149,19.7,23.781,24.311,25.106,25.742,26.325,25.636,24.947,25.159,24.735,24.417,25.053,25.583,25.901,23.887,23.781,23.463,22.827,22.88,22.986,24.152,24.841,25,24.152,24.152,23.516,23.463,24.258,24.947,24.311,24.523,24.788,25,25.159,24.152,23.781,23.834,24.258,23.516,22.933,23.251
15.46,15.354,15.566,15.566,15.46,15.619,15.725,15.937,15.884,15.99,16.043,15.99,15.778,15.566,15.513,15.407,15.407,15.513,16.838,21.025,23.675,24.629,26.325,25.901,24.788,24.417,24.417,24.629,24.735,25.53,25.689,25.53,23.887,24.735,23.622,22.456,22.456,22.827,23.728,24.947,24.894,24.894,24.205,24.046,23.41,23.569,24.523,24.258,24.364,24.841,25.795,25.954,24.47,23.993,24.046,24.152,23.463,23.145,23.145
15.513,15.513,15.619,15.513,15.672,15.725,15.884,15.778,15.884,15.884,16.043,16.043,16.043,15.831,15.566,15.513,15.354,15.566,15.884,16.891,19.806,23.728,25.477,24.682,24.523,24.099,24.152,24.152,24.682,25.424,26.007,24.682,23.887,25.583,23.675,22.35,22.35,22.721,23.251,23.993,24.947,25,25,24.735,23.993,23.145,23.675,23.993,24.152,24.947,26.166,26.643,25,24.258,23.94,24.311,23.516,22.986,23.092
15.566,15.619,15.725,15.619,15.778,15.778,15.725,15.884,16.096,15.99,15.99,16.043,16.149,15.884,15.778,15.619,15.566,15.725,15.566,15.884,16.202,19.064,23.092,24.046,24.47,23.993,23.834,23.94,24.417,24.576,24.099,23.251,23.993,25.265,23.781,22.138,22.403,22.721,23.145,23.834,23.94,24.735,25,25.424,24.682,23.94,23.463,23.675,24.099,25.212,26.219,27.014,25.53,24.364,24.205,24.205,23.834,23.251,22.986
15.566,15.407,15.513,15.566,15.619,15.46,15.672,15.725,15.884,15.884,15.884,15.937,15.99,15.99,15.884,15.619,15.778,15.46,15.619,15.513,15.46,15.831,16.891,18.057,19.7,20.389,22.085,22.774,23.039,23.039,22.668,22.933,23.622,24.735,23.41,21.873,22.085,22.35,22.721,23.145,23.887,23.94,24.47,24.735,24.417,24.205,23.622,23.463,23.993,24.311,25.901,26.378,25.689,24.364,23.781,24.205,23.728,23.41,23.357
15.566,15.566,15.566,15.619,15.672,15.778,15.778,15.831,15.672,15.99,16.043,16.043,16.096,15.937,15.831,15.619,15.566,15.354,15.513,15.513,15.513,15.46,15.725,15.778,15.778,15.99,16.785,18.481,19.488,20.283,21.078,21.767,22.615,23.622,23.622,21.873,21.873,22.085,22.244,22.35,22.615,22.88,23.357,23.834,23.834,24.152,23.569,23.675,23.781,24.046,25.106,26.007,25.636,24.629,24.258,24.364,23.622,23.993,23.357
15.831,15.672,15.672,15.725,15.672,15.831,15.884,15.831,15.937,16.043,16.361,16.414,16.096,16.096,15.778,15.672,15.619,15.513,15.566,15.407,15.513,15.46,15.513,15.354,15.46,15.407,15.566,15.619,15.831,15.672,15.142,15.248,16.361,17.845,20.601,20.919,21.184,20.654,20.336,19.859,19.276,18.799,19.753,21.396,22.138,23.092,23.145,23.41,23.251,23.569,24.311,25.477,25.954,25.265,24.576,25.265,24.417,23.993,23.887
15.619,15.778,15.831,15.672,15.619,15.672,15.725,15.937,16.096,16.096,16.308,16.361,16.467,16.043,16.043,15.725,15.672,15.619,15.672,15.46,15.407,15.301,15.354,15.354,15.301,15.248,15.195,15.142,15.46,15.248,13.87,13.605,13.499,13.446,14.771,16.52,15.407,14.4,13.552,14.771,14.718,13.499,15.778,17.156,18.057,19.594,20.389,21.449,21.873,22.35,22.774,23.834,25,25,24.841,25.159,25.477,24.046,23.94
15.884,15.884,15.725,15.831,15.778,15.513,15.725,15.884,15.937,16.096,16.255,16.361,16.414,16.202,15.937,15.778,15.884,15.831,15.831,15.513,15.566,15.407,15.407,15.354,15.142,15.248,15.195,15.089,15.142,15.036,14.347,13.287,13.181,13.075,13.022,12.916,12.598,12.386,12.545,13.552,14.082,12.757,14.506,15.884,16.626,17.845,18.216,19.064,19.806,20.177,20.495,21.184,23.092,24.576,24.735,25.159,25.53,24.629,23.993
15.884,15.99,15.884,15.672,15.99,15.778,16.043,15.937,15.831,16.149,16.52,16.467,16.202,16.149,16.202,16.573,18.428,18.428,16.732,16.096,15.513,15.725,15.513,15.301,15.195,15.248,15.142,15.142,14.983,14.93,14.347,13.181,13.075,12.969,12.916,12.492,11.962,11.538,11.697,13.075,13.711,12.386,15.089,16.096,16.838,17.739,17.792,18.004,18.905,19.488,19.541,19.647,20.495,21.873,23.039,23.993,24.788,24.47,24.523
16.202,16.149,15.99,15.884,15.937,15.884,16.043,16.149,16.096,16.202,16.361,16.626,16.626,16.202,16.679,19.859,23.887,23.516,19.7,16.944,15.778,15.566,15.46,15.46,15.407,15.46,15.195,15.036,15.036,14.93,14.347,13.234,12.969,12.916,12.651,12.439,11.803,11.326,11.485,12.916,14.4,14.294,15.778,16.52,16.891,17.845,17.898,17.951,18.534,19.064,19.435,19.435,19.382,19.7,20.442,21.237,22.244,22.721,23.728
15.99,16.096,15.99,16.043,15.778,16.043,16.149,16.255,16.096,16.255,16.149,16.414,16.573,16.52,17.315,21.714,26.325,25.106,22.562,18.216,15.99,15.566,15.301,15.513,15.301,15.301,15.354,15.142,15.036,14.877,14.453,13.181,12.863,12.757,12.651,12.492,11.962,11.22,11.432,12.598,15.301,15.566,15.99,16.202,16.679,17.633,17.739,17.898,17.951,18.322,18.958,19.276,19.117,18.905,18.905,18.905,19.011,19.17,20.813
15.99,16.096,16.096,16.043,16.043,16.043,16.308,16.573,16.255,16.255,16.52,16.414,16.52,16.679,17.951,22.297,27.597,28.445,26.431,20.495,16.626,15.566,15.566,15.619,15.46,15.248,15.248,15.248,15.301,15.142,14.612,13.287,12.969,12.757,12.704,12.227,12.015,11.273,11.485,12.439,15.354,15.778,16.202,16.361,16.785,17.792,18.004,17.898,17.739,18.322,18.746,18.746,18.746,18.852,18.534,18.587,18.534,18.375,18.428
16.096,16.043,16.043,16.202,16.149,16.202,16.467,16.52,16.414,16.043,16.467,16.467,16.202,16.573,18.534,23.251,28.074,29.558,28.551,23.728,17.527,16.149,15.619,15.46,15.407,15.354,15.142,15.248,15.195,14.824,14.506,13.075,12.651,12.916,12.386,12.28,11.803,11.061,11.485,13.075,15.778,15.778,16.149,16.308,16.255,17.686,17.792,17.686,17.739,17.898,18.11,18.481,18.534,18.428,18.375,18.269,18.322,18.11,18.057
15.937,16.096,15.99,16.096,16.308,16.202,16.308,16.361,16.255,16.308,16.414,16.467,16.467,16.361,16.997,19.488,24.205,26.484,26.802,24.417,18.534,15.99,15.725,15.566,15.46,15.195,15.195,15.195,15.142,14.93,14.612,13.234,12.916,12.704,12.651,12.439,12.015,11.114,11.379,12.757,15.619,15.937,16.202,16.149,16.043,16.838,17.792,17.792,17.633,17.739,17.739,18.216,18.269,18.11,18.163,18.11,18.057,17.951,17.633
16.043,16.202,16.202,16.202,16.202,16.52,16.308,16.52,16.308,16.467,16.414,16.573,16.308,16.361,16.361,16.838,18.746,23.41,27.597,26.855,20.813,16.308,15.778,15.407,15.407,15.301,15.142,14.983,15.089,14.877,14.612,13.181,12.704,12.598,12.598,12.545,11.909,11.114,11.273,12.015,15.513,15.672,15.831,16.043,15.831,15.937,17.209,17.262,17.633,17.527,17.686,17.58,17.951,17.792,17.792,18.004,17.739,17.527,17.368
16.096,16.043,16.255,16.096,16.149,16.361,16.361,16.467,16.361,16.573,16.626,16.626,16.414,16.255,16.202,16.255,16.679,18.958,25.371,26.325,22.085,17.739,15.831,15.407,15.46,15.354,15.301,15.354,15.142,14.93,14.824,13.287,12.704,12.81,12.757,12.386,12.068,11.326,11.432,11.909,15.142,15.725,15.725,15.99,15.672,15.46,15.831,16.626,17.103,17.262,17.421,17.315,17.421,17.421,17.421,17.58,17.633,17.58,17.156
16.255,16.308,16.043,16.202,16.255,16.361,16.626,16.414,16.52,16.467,16.626,16.573,16.414,16.202,16.149,16.096,16.308,17.05,21.29,24.364,23.675,20.389,16.785,15.566,15.195,15.142,15.354,15.248,15.248,15.248,14.877,13.658,12.757,12.81,12.916,12.651,12.757,12.386,12.333,12.757,15.089,15.301,15.513,16.202,15.725,15.566,15.46,15.99,16.255,16.679,17.05,17.156,17.103,17.156,17.262,17.156,17.368,17.262,17.103
16.255,16.149,16.255,16.361,16.308,16.414,16.573,16.573,16.679,16.944,16.785,16.52,16.361,16.202,16.202,15.99,15.937,16.255,18.958,23.357,24.205,22.986,19.435,16.149,15.513,15.248,15.407,15.248,15.036,15.142,14.877,13.976,12.81,13.287,13.287,13.287,13.34,13.552,13.446,13.658,15.036,15.46,15.619,16.361,15.831,15.513,15.407,15.884,15.884,15.937,16.043,16.308,16.149,16.202,16.361,16.361,16.679,16.838,16.467
16.202,16.149,16.096,16.308,16.414,16.361,16.414,16.679,16.626,16.838,16.838,16.414,16.255,16.255,16.043,15.884,15.937,15.99,17.156,21.82,24.576,23.94,22.138,17.898,15.778,15.407,15.301,15.195,15.142,14.983,14.824,14.453,13.287,13.393,13.393,13.34,13.234,13.34,13.499,13.658,14.718,15.248,15.672,16.202,15.99,15.884,15.672,15.725,15.778,15.884,15.619,15.619,15.566,15.513,15.195,15.301,15.301,16.626,16.626
16.202,16.149,16.149,16.255,16.255,16.414,16.361,16.626,16.679,16.785,16.732,16.573,16.361,16.149,16.096,15.884,15.937,15.937,16.255,19.594,23.887,24.311,23.463,21.343,16.997,15.407,15.407,15.142,15.248,15.142,14.93,14.347,13.181,13.128,13.287,13.393,13.393,13.34,13.446,13.711,14.718,15.566,15.937,16.308,16.149,16.096,15.725,15.884,15.672,15.619,15.354,14.877,14.506,14.188,13.817,14.029,14.559,16.043,16.732
16.361,16.361,16.52,16.096,16.308,16.308,16.361,16.414,16.573,16.573,16.785,16.467,16.52,16.202,16.043,15.884,15.778,15.778,16.043,18.269,23.516,24.523,24.47,23.622,19.7,15.884,15.407,14.983,15.195,14.877,14.771,14.241,13.499,13.658,13.605,13.87,13.499,13.552,13.817,14.188,15.089,15.778,16.096,16.52,16.308,16.096,15.937,15.99,15.672,15.566,14.877,14.082,13.923,13.764,13.658,13.923,14.241,15.089,16.414
16.255,16.308,16.255,16.202,16.149,16.308,16.255,16.361,16.467,16.308,16.361,16.308,16.255,16.043,15.937,15.725,15.619,15.619,15.884,17.05,22.244,24.311,24.947,24.311,22.032,17.262,15.566,15.354,14.983,14.718,14.665,14.241,14.294,14.559,14.877,14.93,15.301,15.354,15.672,16.255,16.043,16.096,16.202,16.573,16.467,15.99,15.831,15.99,15.831,15.354,14.93,13.923,13.87,13.711,13.499,13.552,13.658,13.923,15.407
16.414,16.202,16.255,16.308,16.414,16.361,16.414,16.414,16.626,16.467,16.414,16.573,16.308,16.096,15.831,15.778,15.778,15.513,15.884,16.467,21.396,24.576,25.583,24.894,23.039,19.17,15.672,15.301,15.089,14.93,14.877,14.294,15.778,16.361,16.361,16.467,16.202,16.096,16.414,16.414,16.414,16.308,16.149,16.679,16.52,16.043,15.672,15.937,15.937,15.619,14.93,13.764,13.764,13.87,13.658,13.552,13.711,13.923,15.089
16.467,16.308,16.361,16.202,16.308,16.255,16.255,16.467,16.732,16.467,16.202,16.361,16.202,16.096,15.99,15.937,15.672,15.513,15.566,16.149,19.753,24.046,24.735,24.417,23.781,21.184,16.043,15.301,14.983,14.93,14.93,14.4,15.937,16.573,16.255,16.255,16.255,16.149,16.361,16.308,16.255,16.255,15.937,16.255,16.308,15.99,15.831,15.831,15.937,15.619,15.036,13.711,13.34,13.287,13.34,13.181,13.34,13.605,14.559
16.255,16.308,16.361,16.414,16.414,16.149,16.467,16.626,16.732,16.308,16.467,16.361,15.99,16.096,16.043,15.725,15.672,15.619,15.672,15.831,18.004,23.781,25.636,25.371,23.251,21.82,16.785,15.195,14.93,15.089,14.665,14.347,15.937,16.467,16.414,16.255,16.149,16.255,16.467,16.361,16.361,16.096,15.301,15.937,16.467,16.149,15.831,15.778,15.831,15.619,14.771,12.969,12.598,12.121,11.962,12.015,11.909,12.439,13.446
16.467,16.52,16.467,16.52,16.52,16.467,16.573,16.785,16.785,16.679,16.626,16.52,16.255,16.149,16.096,15.725,15.619,15.513,15.619,16.043,16.732,22.297,24.894,24.523,23.039,22.827,18.004,15.407,15.301,15.195,14.877,14.771,15.619,16.414,16.732,16.626,16.361,16.573,16.573,16.361,16.573,15.884,15.036,15.513,16.891,16.626,15.937,16.149,16.043,15.778,14.824,12.174,11.379,11.538,11.485,11.591,10.955,12.227,13.605
16.467,16.732,16.414,16.573,16.573,16.52,16.679,16.679,16.626,16.626,16.679,16.467,16.255,16.149,16.043,15.778,15.46,15.619,15.672,15.725,16.096,19.912,25.636,25.212,23.092,23.145,19.753,15.566,15.195,15.195,15.195,14.347,15.301,16.626,16.573,16.52,16.573,16.679,16.626,16.626,16.573,16.202,15.513,15.354,17.421,16.891,16.202,15.99,16.043,15.778,15.036,12.439,11.432,11.644,12.174,11.061,10.531,11.962,13.287
16.626,16.626,16.573,16.679,16.732,16.626,16.732,16.414,16.52,16.52,16.308,16.202,16.255,16.255,15.778,15.672,15.407,15.46,15.46,15.672,15.672,18.958,24.311,25.318,24.152,23.41,22.403,16.096,15.407,15.142,14.771,14.771,14.983,16.52,16.52,16.626,16.626,16.679,16.732,16.626,16.255,16.361,15.937,15.99,17.527,17.156,16.255,15.99,15.99,15.725,15.248,12.545,11.538,12.015,11.432,10.584,9.948,11.75,12.81
16.891,16.997,16.732,16.732,16.944,16.467,16.785,16.52,16.573,16.467,16.255,16.202,15.99,15.884,15.619,15.619,15.46,15.407,15.513,15.619,15.619,18.534,24.682,23.993,23.622,23.834,24.258,17.686,15.301,15.036,14.771,14.93,15.089,16.467,16.626,16.52,16.467,16.573,16.52,16.573,16.467,16.255,16.308,16.626,17.686,17.474,16.414,15.937,16.043,15.937,15.089,12.916,11.962,12.28,11.167,9.948,10.16,11.114,12.28
17.58,17.686,17.209,17.262,16.997,17.05,17.05,16.891,16.838,16.573,16.149,16.043,15.937,15.672,15.672,15.513,15.407,15.407,15.46,15.354,15.725,18.428,24.258,24.311,24.205,25.795,25.477,20.177,15.407,15.195,15.036,14.718,14.771,16.679,16.785,16.679,16.626,16.573,16.785,16.891,16.679,16.308,16.096,16.626,17.633,17.262,16.52,15.831,15.99,15.937,15.301,13.393,12.598,11.75,11.008,10.478,10.213,11.167,11.538
19.912,19.011,18.322,17.845,17.368,17.474,16.997,16.891,17.103,16.679,16.414,16.255,16.043,15.619,15.672,15.46,15.248,15.248,15.248,15.248,15.672,19.223,24.788,25.212,25.424,27.332,27.067,22.986,16.308,15.301,15.089,14.877,14.347,16.732,16.785,16.838,16.679,16.944,16.785,16.573,17.05,16.573,15.831,16.679,17.209,17.262,16.626,15.778,15.937,16.149,15.672,14.135,12.439,11.379,11.326,10.955,10.902,11.061,10.955
26.431,25.106,23.304,21.502,20.018,18.64,18.375,17.845,17.315,17.209,16.52,16.202,16.202,15.99,15.566,15.46,15.46,15.513,15.566,15.619,16.096,19.859,24.682,25.636,26.855,29.187,28.392,25.689,17.792,15.672,15.354,15.142,14.665,16.997,17.156,17.103,17.156,17.209,17.368,16.891,17.103,16.573,16.043,16.679,17.474,17.633,16.785,16.202,16.308,16.096,15.778,14.294,11.856,11.962,11.644,11.114,10.743,11.22,11.167
30.777,30.406,30.141,28.392,26.166,24.046,22.403,20.866,19.435,18.481,17.209,16.626,16.467,16.202,15.99,15.937,15.725,15.725,15.778,16.096,16.573,21.714,25.212,26.06,28.074,30.3,29.399,28.657,23.516,17.951,16.202,15.619,14.771,16.944,17.262,17.209,17.209,17.368,17.527,17.209,17.209,16.891,16.414,16.785,17.315,17.58,17.103,16.785,16.838,16.732,16.255,14.718,12.174,11.644,11.644,10.955,10.478,10.743,10.849
33.639,31.89,31.625,30.088,29.134,27.968,26.802,25.954,24.523,22.244,19.488,16.891,16.52,16.308,16.096,15.937,15.884,15.884,15.831,16.255,17.209,23.887,25.954,26.325,29.558,30.247,29.717,29.664,27.12,24.682,21.82,19.753,17.209,17.951,17.633,17.58,17.58,17.792,17.898,17.58,17.633,17.527,17.156,17.845,18.905,19.594,19.594,18.746,17.474,16.944,16.52,15.036,12.492,11.75,11.591,11.008,10.531,10.902,11.008
39.045,33.692,35.6,32.95,31.572,28.975,28.392,27.491,25.371,24.046,21.29,16.679,16.149,15.884,15.725,15.513,15.566,15.407,15.566,16.149,18.057,24.682,25.371,26.484,28.604,29.293,29.346,28.339,26.378,25.477,24.47,23.993,23.41,21.449,21.184,20.866,20.177,19.912,19.806,20.654,20.336,21.608,21.396,21.502,21.661,22.032,22.562,22.138,20.707,18.852,17.421,16.043,13.287,12.439,11.962,11.167,10.69,10.69,10.955
33.374,31.837,36.872,36.395,32.897,30.83,31.89,30.459,30.088,24.947,20.601,16.308,15.513,15.248,15.142,15.089,15.036,14.983,14.983,15.46,18.481,24.205,24.47,25.371,26.749,27.279,26.802,26.007,24.735,24.417,23.781,24.523,23.357,23.94,22.774,23.145,21.979,22.774,22.774,23.993,23.463,25.212,24.523,23.781,24.311,23.94,23.251,22.615,22.191,21.767,21.449,20.919,19.223,17.898,15.99,13.87,12.227,11.432,11.114
30.618,29.876,30.459,29.611,29.452,28.763,29.982,29.505,29.77,25.53,21.025,15.831,15.036,14.93,14.665,14.506,14.4,14.188,14.4,14.824,18.746,24.47,23.092,23.304,23.622,23.887,24.364,24.364,24.046,23.675,23.463,24.311,23.516,23.039,22.35,23.145,23.198,24.417,23.304,24.523,24.311,25.318,25.106,25.159,25.212,24.576,23.675,22.933,22.774,22.827,22.88,23.092,22.933,22.562,21.661,21.29,19.541,17.792,16.255
31.678,29.77,30.088,29.558,28.445,27.597,27.597,27.544,27.809,24.311,21.29,16.096,14.665,14.612,14.347,14.294,14.082,14.029,14.241,14.612,18.216,23.993,22.827,22.297,22.403,22.509,23.357,23.675,23.94,23.622,22.986,23.94,24.947,24.046,23.834,23.463,23.357,25.371,24.152,24.417,25.053,25.159,25.424,25.265,25.159,24.311,23.463,23.039,23.304,23.463,23.781,23.993,23.887,22.933,22.668,22.297,22.032,21.82,21.714
38.091,31.837,32.579,31.837,28.498,28.657,28.657,28.445,28.392,23.781,20.813,16.149,15.142,14.824,14.665,14.612,14.188,14.294,14.4,14.665,19.594,24.47,23.569,23.198,23.304,22.933,23.516,23.94,24.205,23.41,23.675,24.258,25.424,24.47,24.311,23.94,23.251,24.629,24.576,23.993,25.53,25.371,26.166,25.901,25.318,24.788,24.258,24.099,24.205,24.364,25.159,24.841,24.788,24.47,23.516,22.933,22.615,22.509,22.509
35.865,30.353,34.911,33.109,29.293,29.346,29.717,29.611,28.657,25.53,22.244,17.103,18.11,18.269,18.163,18.852,18.163,15.513,14.506,14.824,21.131,23.887,23.145,23.039,22.827,22.615,23.251,23.993,24.205,24.152,24.735,24.629,24.523,24.417,23.887,23.41,22.827,23.304,24.629,23.675,25.53,25.265,26.325,25.954,25.954,25.212,24.894,24.894,24.894,25.318,25.848,25.901,25.53,25,24.682,23.41,22.933,22.774,22.35
29.399,26.749,28.233,28.021,25.583,26.06,26.431,26.59,25.636,23.145,21.555,21.555,23.463,26.272,27.809,27.65,26.855,22.297,17.262,17.262,22.456,24.099,24.258,23.781,22.88,22.509,22.085,22.562,22.456,23.304,24.576,24.099,23.781,23.675,23.41,22.403,21.714,22.191,23.993,23.728,25.424,24.894,24.576,24.629,24.894,24.523,23.94,23.887,24.576,25,25.742,25.689,25.689,25.424,24.629,23.993,22.986,22.774,22.615
21.661,21.29,21.237,21.502,20.707,20.707,20.707,20.601,20.389,20.336,21.025,23.304,28.286,30.618,30.565,29.823,28.763,28.18,26.166,26.113,23.569,21.873,22.668,23.516,23.251,22.986,22.88,22.721,22.35,22.509,23.41,23.251,23.092,22.085,22.403,21.873,21.237,21.661,23.304,23.94,26.325,25.159,24.364,24.152,24.629,24.735,23.516,23.198,23.251,24.311,24.947,24.894,25.265,24.947,24.894,24.417,23.728,23.039,22.615
18.216,18.004,17.951,17.951,17.474,17.633,17.474,17.686,17.58,17.739,21.661,25,31.36,31.731,31.625,30.724,29.611,28.392,28.233,26.06,28.816,25.053,22.721,22.668,22.297,22.35,22.191,22.191,22.138,22.297,22.456,22.456,22.403,21.82,21.714,21.449,20.972,22.085,22.933,23.834,26.749,25.583,24.576,24.47,24.894,25.636,25.106,23.569,23.41,23.728,24.364,24.788,24.682,24.364,24.417,24.576,24.364,24.046,23.463
17.474,17.262,16.997,16.838,17.05,16.679,17.05,16.944,16.891,17.739,21.873,24.682,31.996,32.579,32.208,28.763,27.915,28.551,29.081,28.392,30.353,26.113,22.933,22.721,22.933,22.668,22.35,22.085,22.138,22.297,22.509,22.562,22.244,21.608,21.502,21.237,21.184,22.509,23.41,24.099,26.59,26.219,25.159,24.576,24.099,24.788,24.788,25.159,24.947,24.947,24.947,25,24.735,22.827,21.343,22.085,22.615,22.668,22.721
17.103,17.156,16.838,16.838,16.626,16.732,16.838,16.785,16.626,17.474,20.813,24.099,31.943,32.897,32.844,31.201,29.77,28.869,30.141,27.491,27.226,23.357,23.145,23.569,23.251,23.357,23.304,22.933,22.35,22.35,22.668,22.721,22.509,22.138,22.403,21.979,21.873,22.88,24.046,24.311,26.59,26.484,25.53,25.053,24.523,24.205,23.887,23.198,23.728,24.258,24.576,25.265,24.894,22.933,19.488,17.527,17.103,16.732,16.626
16.944,16.891,16.626,16.626,16.573,16.467,16.467,16.414,16.361,16.732,18.481,22.138,26.272,30.883,31.572,30.565,29.664,28.975,26.961,26.537,24.841,23.675,24.364,24.629,24.735,25.212,25.265,24.205,23.463,23.039,22.88,23.092,23.198,22.933,23.251,23.41,23.198,23.834,24.311,24.947,26.696,26.431,26.007,25.159,24.788,24.258,23.781,22.933,23.145,23.569,24.311,24.947,25.106,24.841,24.205,23.357,21.608,19.435,18.375
16.785,16.785,16.573,16.414,16.202,16.414,16.467,16.308,16.52,16.52,16.679,18.481,21.449,24.152,25.901,26.749,25.795,20.866,18.004,19.117,23.463,25.477,26.113,26.007,25.689,25.636,25.477,25.159,24.629,23.834,23.569,23.463,23.145,23.463,23.728,24.152,23.675,24.152,25.053,25.371,26.325,27.279,26.484,25.424,24.523,24.152,24.152,23.781,23.675,23.728,24.046,24.788,25.106,25.636,25.901,25.636,25.742,24.682,24.099
16.255,16.255,15.99,15.937,15.884,15.99,15.99,15.937,15.99,16.096,16.043,16.096,16.573,17.103,17.262,17.845,17.474,16.255,15.884,16.361,20.707,24.682,25.053,25.636,25.265,25.159,24.47,24.417,24.364,24.152,24.046,24.046,23.622,23.145,23.145,23.728,23.728,23.94,24.629,25,25.318,27.332,26.484,25.053,24.947,24.47,24.47,24.205,23.569,23.675,24.205,24.258,24.894,25.636,25.742,26.272,26.378,26.484,26.537
16.043,15.884,15.672,15.725,15.725,15.831,15.884,15.937,15.937,16.043,16.202,15.778,15.672,15.672,15.619,15.407,15.354,15.513,15.036,15.725,17.739,24.099,24.258,24.205,24.682,24.258,24.099,24.364,24.417,23.94,23.887,24.258,24.099,23.569,23.41,24.258,23.41,23.622,23.887,24.258,24.894,27.014,26.325,25.477,25.424,25.477,25.159,25.053,24.364,23.887,24.576,24.523,24.629,25.318,26.166,26.219,26.696,27.438,27.756
15.99,15.937,15.725,15.672,15.619,15.725,15.725,15.778,15.884,15.937,15.99,15.672,15.619,15.513,15.566,15.248,15.089,15.036,15.089,15.619,18.958,24.152,24.099,23.94,23.993,24.205,24.311,24.682,24.788,24.523,23.834,23.834,23.887,23.41,23.251,23.94,23.41,22.986,23.039,23.622,24.099,25.689,25.265,24.894,25.053,25.477,25.742,25.636,25.424,24.841,25.106,25.265,25.053,25.583,25.742,26.643,27.226,28.127,28.71
15.672,15.725,15.566,15.513,15.619,15.619,15.778,15.884,15.831,15.884,16.308,15.725,15.672,15.566,15.354,15.301,15.036,15.089,14.93,15.619,18.428,24.046,23.622,23.675,23.728,23.357,23.834,24.099,24.311,24.099,24.152,23.781,23.463,22.986,22.933,23.145,22.774,21.502,20.972,21.078,21.131,21.979,22.509,22.88,23.198,23.993,24.894,25.318,25.424,25.424,25.265,25.371,25.795,25.954,26.06,26.219,27.067,28.021,28.445
15.778,15.937,15.672,15.672,15.672,15.778,15.937,15.831,15.884,15.884,16.096,15.831,15.619,15.725,15.46,15.46,15.248,15.354,15.195,15.672,17.368,23.675,24.788,25.159,26.378,26.113,25.901,25.53,24.841,24.735,24.417,23.94,22.615,20.972,19.17,17.792,16.997,16.573,15.195,14.188,14.029,14.029,15.672,18.322,19.7,20.548,21.025,21.502,22.35,23.41,23.887,24.682,25.265,25.477,25.53,25.371,25.689,26.537,26.696
16.043,15.831,15.99,15.99,15.778,15.831,15.937,16.149,16.149,16.361,16.467,16.043,15.831,15.778,15.566,15.513,15.46,15.672,15.672,15.778,16.679,22.509,24.523,25.159,27.756,29.134,28.657,27.968,27.226,25.848,24.258,21.608,18.799,16.043,14.506,15.142,15.831,15.407,14.294,13.022,12.174,12.333,13.446,16.043,16.944,17.421,18.11,18.057,17.421,17.474,18.64,19.435,19.912,21.025,22.244,23.463,23.993,24.205,23.41
15.884,15.99,15.778,15.725,15.778,15.672,15.937,15.884,16.149,16.096,16.043,15.937,15.831,15.725,15.619,15.46,15.407,15.46,15.566,15.407,16.149,20.124,24.311,24.364,26.431,28.922,28.975,28.763,28.074,24.417,19.17,17.05,16.096,14.877,13.976,14.824,15.142,14.93,14.294,13.234,12.227,12.015,12.757,14.665,15.354,15.937,17.103,17.315,16.308,15.831,16.467,16.944,16.891,17.156,17.792,18.322,18.799,18.587,17.845
16.361,15.937,15.884,15.778,15.831,16.096,16.255,16.043,16.096,15.831,16.149,16.043,15.99,15.619,15.725,15.407,15.354,15.566,15.46,15.566,15.725,17.739,23.516,24.47,25.212,27.756,28.445,27.703,26.272,20.283,16.467,15.937,15.354,14.93,14.718,14.665,14.559,14.347,14.135,13.817,13.34,13.552,13.923,14.93,15.619,16.202,17.156,17.368,16.255,15.672,16.308,16.785,16.679,16.52,17.103,16.891,17.209,17.262,16.838
16.573,16.308,16.414,15.99,16.043,16.255,16.255,16.149,16.467,16.361,16.149,16.149,16.096,15.672,15.884,15.672,15.725,15.566,15.513,15.778,15.884,16.679,21.29,24.735,24.947,25.954,27.438,27.332,25,18.693,16.414,15.778,15.672,15.672,15.407,14.983,15.089,15.301,14.983,15.354,15.407,15.301,15.354,15.937,16.626,17.05,17.368,17.58,16.944,16.202,16.467,17.156,17.686,17.898,17.633,17.898,17.739,17.633,17.262
16.096,16.096,15.884,15.725,15.778,15.99,16.149,16.043,16.043,16.149,16.149,15.99,15.778,15.566,15.619,15.354,15.46,15.354,15.354,15.46,15.566,16.096,19.435,23.675,24.258,25.159,26.537,26.378,23.463,17.633,15.884,15.619,15.778,15.937,15.513,15.407,15.46,15.566,15.566,15.301,15.407,15.248,15.46,15.831,16.52,16.732,17.368,17.474,17.315,17.368,17.633,17.845,17.58,17.527,17.421,17.527,17.527,17.315,17.05
16.149,16.202,16.255,15.884,16.043,16.043,15.884,16.149,15.937,15.99,16.255,15.99,15.513,15.619,15.619,15.566,15.46,15.407,15.513,15.354,15.354,15.725,17.898,22.562,23.675,24.788,24.841,25.53,22.35,17.05,15.831,15.513,16.255,16.361,16.255,16.096,16.096,16.255,16.202,16.202,16.043,16.255,16.149,16.732,17.315,17.474,17.58,18.057,17.792,17.898,17.792,18.057,17.845,18.269,18.11,18.11,17.792,17.739,17.474
15.937,15.99,16.043,15.937,15.831,15.725,15.831,15.884,16.043,15.778,16.043,15.937,15.672,15.566,15.46,15.566,15.248,15.248,15.195,15.195,15.407,15.672,17.262,22.191,23.357,24.205,24.258,23.357,20.283,16.361,15.46,15.778,16.679,17.05,16.679,16.679,16.732,16.732,16.679,17.209,16.997,16.785,16.838,17.262,17.686,17.739,17.845,17.792,17.898,18.11,17.898,18.216,18.322,18.534,18.481,18.216,18.057,17.898,17.739
15.725,15.566,15.778,15.672,15.778,15.778,15.619,15.672,15.672,15.831,15.513,15.831,15.831,15.566,15.354,15.354,15.195,15.248,15.089,15.142,15.248,15.301,17.262,21.979,23.145,24.364,24.258,22.774,18.693,15.884,15.513,15.672,16.573,16.891,16.732,16.679,16.838,16.679,16.679,16.679,16.732,16.732,17.315,17.739,17.845,17.739,17.845,18.057,18.163,18.428,18.693,18.799,18.587,18.428,18.269,18.322,18.004,17.739,17.421
15.407,15.566,15.513,15.407,15.354,15.46,15.566,15.778,15.831,15.619,15.99,15.725,15.672,15.513,15.46,15.407,15.089,15.195,15.036,14.93,15.513,15.513,17.527,22.032,23.41,23.41,23.516,22.774,18.587,15.99,15.513,15.301,16.573,16.944,16.467,16.679,16.732,16.732,16.785,16.732,16.732,16.732,17.156,17.686,17.739,18.163,17.686,18.428,18.587,18.958,19.223,19.064,19.223,19.011,18.269,18.004,17.368,16.891,16.255
15.354,15.354,15.195,15.089,15.354,15.513,15.46,15.566,15.619,15.566,15.619,15.937,15.619,15.725,15.725,15.566,15.089,15.142,15.195,15.46,15.301,15.672,18.004,22.138,23.251,23.251,22.774,21.608,17.898,15.937,15.407,15.354,16.308,16.785,16.626,16.626,16.679,16.732,16.626,16.785,16.944,16.891,17.209,17.686,18.004,18.216,18.746,18.587,18.905,18.958,19.064,19.011,18.375,17.898,17.103,16.891,16.626,16.255,15.831
15.407,15.301,15.354,15.407,15.407,15.884,15.407,15.407,15.725,15.831,15.672,15.778,15.672,15.619,15.725,15.46,15.301,15.142,15.248,15.566,15.566,15.884,19.011,23.357,23.94,23.145,22.668,21.449,17.845,15.884,15.248,15.513,16.255,16.732,16.732,16.573,16.732,16.891,16.785,16.838,16.573,16.679,16.997,17.686,18.057,18.428,18.534,19.276,19.223,19.011,18.799,18.216,17.58,17.156,17.156,17.209,17.315,16.891,16.679
15.672,15.725,15.354,15.142,15.407,15.354,15.301,15.884,15.672,15.619,15.672,15.937,15.672,15.619,15.778,15.725,15.513,15.407,15.195,15.301,15.407,16.096,18.799,22.403,23.622,23.357,22.986,20.813,17.262,15.725,15.407,15.407,15.831,16.361,16.52,16.467,16.52,16.52,16.573,16.573,16.467,16.361,16.838,17.845,18.322,18.64,19.064,19.435,19.329,18.269,17.739,17.633,17.58,17.156,17.315,17.156,17.156,16.997,16.785
15.513,15.672,15.142,15.142,15.089,15.142,15.354,15.354,15.301,15.407,15.672,15.513,15.46,15.513,15.566,15.248,15.46,15.089,14.983,15.248,15.301,16.043,19.541,22.456,23.675,23.41,22.35,20.071,16.997,15.619,15.036,15.248,15.354,15.46,15.46,15.884,16.096,16.414,16.308,16.414,16.308,16.149,16.626,17.739,18.375,18.534,19.382,19.806,19.223,18.269,17.739,17.156,17.58,17.474,17.156,17.421,17.05,16.944,16.891
15.46,15.513,15.248,15.036,15.089,15.089,15.248,15.354,15.301,15.248,15.354,15.672,15.513,15.407,15.46,15.248,15.301,15.089,14.983,15.248,15.089,16.202,19.276,22.297,23.145,22.88,21.502,18.534,16.308,15.513,14.983,15.089,15.142,15.089,15.036,14.983,15.884,16.255,16.255,16.255,16.255,16.361,16.467,17.421,17.845,18.905,19.488,20.071,19.17,18.11,17.898,17.58,17.474,17.527,17.262,17.103,17.103,16.997,16.679
15.566,15.354,15.301,14.983,15.248,15.354,15.248,15.354,15.407,15.301,15.725,15.407,15.619,15.407,15.513,15.407,15.195,15.248,15.142,15.142,15.301,16.467,19.753,22.562,23.357,22.721,20.654,17.739,15.566,15.248,15.248,15.301,14.983,15.089,14.771,14.718,15.142,15.566,15.831,16.096,16.255,16.308,16.785,17.792,18.534,18.852,19.859,19.7,19.011,18.004,17.474,17.262,17.421,17.262,17.315,17.474,16.944,17.103,16.838
15.089,15.195,15.142,14.983,15.089,15.089,15.248,15.354,15.301,15.248,15.354,15.407,14.665,14.612,14.347,14.294,14.082,14.029,14.241,14.612,15.089,15.301,15.301,15.301,15.142,15.142,15.142,14.983,14.93,14.718,13.87,13.075,12.651,12.598,12.386,12.227,11.803,11.061,11.273,11.909,12.174,12.015,12.757,14.665,15.354,15.46,15.407,15.725,15.672,15.354,14.771,12.174,11.379,11.379,11.008,9.948,9.948,10.69,10.849
39.045,33.692,36.872,36.395,32.897,30.83,31.89,30.459,30.088,25.53,22.244,25,31.996,32.897,32.844,31.201,29.77,29.558,30.141,28.392,30.353,28.127,26.855,26.696,29.558,30.3,29.717,29.664,28.074,26.696,27.067,27.12,27.385,28.021,28.127,27.756,26.961,26.113,25.053,25.371,26.749,27.332,26.484,25.954,26.431,26.855,26.749,26.908,26.961,27.756,28.074,28.445,27.756,25.954,26.166,26.643,27.226,28.127,28.71
,,,,,,,,,,,,,,,,,,,,,,,,,,,,,,,,,,,,,,,,,,,,,,,,,,,,,,,,,,
25,,,,,,,,,,,,,,,,,,4.375,3,,,,,,,,,,,,,,,,,,,,,,,,,,,,,,,,,,,,,,,
0.053,,,,,,,,,,,,,,,,,,4.825,5.5,,,,,,,,,,,,,,,,,,,,,,,,,,,,,,,,,,,,,,,
,,,,,,,,,,,,,,,,,,,,,,,,,,,,,,,,,,,,,,,,,,,,,,,,,,,,,,,,,,
,,,,,,,,,,,,,,,,,,,,,,,,,,,,,,,,,,,,,,,,,,,,,,,,,,,,,,,,,,
9.948,Min temp,20,,,,,,,,,,,,,,,,,,,,,,,,,,,,,,,,,,,,,,,,,,,,,,,,,,,,,,,,
39.045,Max temp,37,,,,,,,,,,,,,,,,,,,,,,,,,,,,,,,,,,,,,,,,,,,,,,,,,,,,,,,,
